shipment_id,carrier,origin_city,destination_city,product_type,delay_risk,delay_probability,estimated_delay_days,customer_notification,notification_urgency
SHP00001,FastShip,Shanghai,Frankfurt,Electronics,High,0.9894,17,"I'm sorry your shipment SHP00001 from Shanghai to Frankfurt is now expected between Mar 12, 2024 to Mar 13, 2024. The most likely cause is delayed customs clearance (currently Pending). Please adjust your receiving schedule or contact your LogiTrack account manager if you need a different delivery plan.",IMMEDIATE
SHP00002,GlobalFreight,Shanghai,Sydney,Industrial,High,0.9927,22,"I'm sorry your shipment SHP00002 from Shanghai to Sydney is now expected between Sep 22, 2024 to Sep 23, 2024. The most likely cause is routing delays with GlobalFreight. Please adjust your receiving schedule or contact your LogiTrack account manager if you need a different delivery plan.",IMMEDIATE
SHP00004,GlobalFreight,Rotterdam,Frankfurt,Industrial,High,0.9787,10,"I'm sorry your shipment SHP00004 from Rotterdam to Frankfurt is now expected between Jul 30, 2024 to Jul 31, 2024. The most likely cause is routing delays with GlobalFreight. Please adjust your receiving schedule or contact your LogiTrack account manager if you need a different delivery plan.",IMMEDIATE
SHP00005,QuickMove,Rotterdam,New York,Pharma,High,0.9649,21,"I'm sorry your shipment SHP00005 from Rotterdam to New York is now expected between Mar 03, 2024 to Mar 04, 2024. The most likely cause is routing delays with QuickMove. Please adjust your receiving schedule or contact your LogiTrack account manager if you need a different delivery plan.",IMMEDIATE
SHP00007,AirExpress,SÃ£o Paulo,Tokyo,Consumer Goods,High,0.9738,7,"I'm sorry your shipment SHP00007 from SÃ£o Paulo to Tokyo is now expected between Mar 17, 2024 to Mar 18, 2024. The most likely cause is delayed customs clearance (currently Pending). Please adjust your receiving schedule or contact your LogiTrack account manager if you need a different delivery plan.",IMMEDIATE
SHP00008,FastShip,Chicago,London,Perishable,High,0.9516,10,"I'm sorry your shipment SHP00008 from Chicago to London is now expected between Dec 08, 2024 to Dec 09, 2024. The most likely cause is delayed customs clearance (currently Pending). Please adjust your receiving schedule or contact your LogiTrack account manager if you need a different delivery plan.",IMMEDIATE
SHP00009,GlobalFreight,Singapore,Frankfurt,Industrial,High,0.9852,21,"I'm sorry your shipment SHP00009 from Singapore to Frankfurt is now expected between Nov 20, 2024 to Nov 21, 2024. The most likely cause is delayed customs clearance (currently Pending). Please adjust your receiving schedule or contact your LogiTrack account manager if you need a different delivery plan.",IMMEDIATE
SHP00010,QuickMove,Singapore,Sydney,Pharma,High,0.9674,12,"I'm sorry your shipment SHP00010 from Singapore to Sydney is now expected between Jan 24, 2024 to Jan 25, 2024. The most likely cause is routing delays with QuickMove. Please adjust your receiving schedule or contact your LogiTrack account manager if you need a different delivery plan.",IMMEDIATE
SHP00011,GroundPlus,Dubai,Frankfurt,Pharma,High,0.9609,13,"I'm sorry your shipment SHP00011 from Dubai to Frankfurt is now expected between Aug 20, 2024 to Aug 21, 2024. The most likely cause is delayed customs clearance (currently Pending). Please adjust your receiving schedule or contact your LogiTrack account manager if you need a different delivery plan.",IMMEDIATE
SHP00013,AirExpress,Mumbai,London,Pharma,High,0.9775,16,"I'm sorry your shipment SHP00013 from Mumbai to London is now expected between May 01, 2024 to May 02, 2024. The most likely cause is routing delays with AirExpress. Please adjust your receiving schedule or contact your LogiTrack account manager if you need a different delivery plan.",IMMEDIATE
SHP00014,GroundPlus,Shanghai,Cape Town,Perishable,High,0.9171,20,"I'm sorry your shipment SHP00014 from Shanghai to Cape Town is now expected between Jun 03, 2024 to Jun 04, 2024. The most likely cause is routing delays with GroundPlus. Please adjust your receiving schedule or contact your LogiTrack account manager if you need a different delivery plan.",IMMEDIATE
SHP00045,QuickMove,Singapore,Toronto,Pharma,High,0.9595,9,"I'm sorry your shipment SHP00045 from Singapore to Toronto is now expected between Nov 15, 2024 to Nov 16, 2024. The most likely cause is delayed customs clearance (currently Pending). Please adjust your receiving schedule or contact your LogiTrack account manager if you need a different delivery plan.",IMMEDIATE
SHP00046,AirExpress,Mumbai,Cape Town,Industrial,High,0.9924,16,"I'm sorry your shipment SHP00046 from Mumbai to Cape Town is now expected between Jan 26, 2024 to Jan 27, 2024. The most likely cause is delayed customs clearance (currently Pending). Please adjust your receiving schedule or contact your LogiTrack account manager if you need a different delivery plan.",IMMEDIATE
SHP00050,GroundPlus,Mumbai,Frankfurt,Electronics,High,0.6212,13,"I'm sorry your shipment SHP00050 from Mumbai to Frankfurt is now expected between Sep 29, 2024 to Sep 30, 2024. The most likely cause is delayed customs clearance (currently Pending). Please adjust your receiving schedule or contact your LogiTrack account manager if you need a different delivery plan.",IMMEDIATE
SHP00053,QuickMove,Dubai,Tokyo,Pharma,High,0.775,20,"I'm sorry your shipment SHP00053 from Dubai to Tokyo is now expected between Aug 17, 2024 to Aug 18, 2024. The most likely cause is delayed customs clearance (currently Pending). Please adjust your receiving schedule or contact your LogiTrack account manager if you need a different delivery plan.",IMMEDIATE
SHP00056,GroundPlus,Singapore,Sydney,Perishable,Medium,0.5994,13,"I'm sorry your shipment SHP00056 from Singapore to Sydney is now expected between Apr 28, 2024 to Apr 29, 2024. The most likely cause is delayed customs clearance (currently Pending). Please adjust your receiving schedule or contact your LogiTrack account manager if you need a different delivery plan.",SCHEDULED
SHP00057,GroundPlus,SÃ£o Paulo,Cape Town,Consumer Goods,High,0.9943,19,"I'm sorry your shipment SHP00057 from SÃ£o Paulo to Cape Town is now expected between Jul 09, 2024 to Jul 10, 2024. The most likely cause is delayed customs clearance (currently Held). Please adjust your receiving schedule or contact your LogiTrack account manager if you need a different delivery plan.",IMMEDIATE
SHP00059,GlobalFreight,Mumbai,New York,Consumer Goods,High,0.9496,16,"I'm sorry your shipment SHP00059 from Mumbai to New York is now expected between May 28, 2024 to May 29, 2024. The most likely cause is routing delays with GlobalFreight. Please adjust your receiving schedule or contact your LogiTrack account manager if you need a different delivery plan.",IMMEDIATE
SHP00086,GroundPlus,Rotterdam,Toronto,Pharma,High,0.7405,10,"I'm sorry your shipment SHP00086 from Rotterdam to Toronto is now expected between May 03, 2024 to May 04, 2024. The most likely cause is delayed customs clearance (currently Held). Please adjust your receiving schedule or contact your LogiTrack account manager if you need a different delivery plan.",IMMEDIATE
SHP00087,FastShip,Singapore,Sydney,Perishable,High,0.9923,14,"I'm sorry your shipment SHP00087 from Singapore to Sydney is now expected between Sep 23, 2024 to Sep 24, 2024. The most likely cause is routing delays with FastShip. Please adjust your receiving schedule or contact your LogiTrack account manager if you need a different delivery plan.",IMMEDIATE
SHP00088,GroundPlus,Shanghai,New York,Pharma,High,0.9812,10,"I'm sorry your shipment SHP00088 from Shanghai to New York is now expected between Dec 13, 2024 to Dec 14, 2024. The most likely cause is routing delays with GroundPlus. Please adjust your receiving schedule or contact your LogiTrack account manager if you need a different delivery plan.",IMMEDIATE
SHP00089,GroundPlus,Dubai,Tokyo,Consumer Goods,High,0.8714,25,"I'm sorry your shipment SHP00089 from Dubai to Tokyo is now expected between Nov 12, 2024 to Nov 13, 2024. The most likely cause is routing delays with GroundPlus. Please adjust your receiving schedule or contact your LogiTrack account manager if you need a different delivery plan.",IMMEDIATE
SHP00090,GlobalFreight,SÃ£o Paulo,Tokyo,Perishable,High,0.9905,24,"I'm sorry your shipment SHP00090 from SÃ£o Paulo to Tokyo is now expected between Dec 18, 2024 to Dec 19, 2024. The most likely cause is routing delays with GlobalFreight. Please adjust your receiving schedule or contact your LogiTrack account manager if you need a different delivery plan.",IMMEDIATE
SHP00092,GlobalFreight,Mumbai,Sydney,Industrial,High,0.9743,7,"I'm sorry your shipment SHP00092 from Mumbai to Sydney is now expected between Oct 26, 2024 to Oct 27, 2024. The most likely cause is delayed customs clearance (currently Pending). Please adjust your receiving schedule or contact your LogiTrack account manager if you need a different delivery plan.",IMMEDIATE
SHP00093,FastShip,Dubai,London,Industrial,High,0.9793,13,"I'm sorry your shipment SHP00093 from Dubai to London is now expected between Nov 29, 2024 to Nov 30, 2024. The most likely cause is delayed customs clearance (currently Held). Please adjust your receiving schedule or contact your LogiTrack account manager if you need a different delivery plan.",IMMEDIATE
SHP00094,FastShip,Mumbai,Toronto,Industrial,High,0.9378,15,"I'm sorry your shipment SHP00094 from Mumbai to Toronto is now expected between Jul 08, 2024 to Jul 09, 2024. The most likely cause is routing delays with FastShip. Please adjust your receiving schedule or contact your LogiTrack account manager if you need a different delivery plan.",IMMEDIATE
SHP00098,GroundPlus,Mumbai,Toronto,Industrial,Medium,0.5333,8,"I'm sorry your shipment SHP00098 from Mumbai to Toronto is now expected between Nov 04, 2024 to Nov 05, 2024. The most likely cause is routing delays with GroundPlus. Please adjust your receiving schedule or contact your LogiTrack account manager if you need a different delivery plan.",SCHEDULED
SHP00099,GlobalFreight,Mumbai,New York,Electronics,High,0.9346,25,"I'm sorry your shipment SHP00099 from Mumbai to New York is now expected between Aug 28, 2024 to Aug 29, 2024. The most likely cause is delayed customs clearance (currently Pending). Please adjust your receiving schedule or contact your LogiTrack account manager if you need a different delivery plan.",IMMEDIATE
SHP00115,AirExpress,SÃ£o Paulo,Frankfurt,Perishable,High,0.9553,20,"I'm sorry your shipment SHP00115 from SÃ£o Paulo to Frankfurt is now expected between Aug 03, 2024 to Aug 04, 2024. The most likely cause is delayed customs clearance (currently Held). Please adjust your receiving schedule or contact your LogiTrack account manager if you need a different delivery plan.",IMMEDIATE
SHP00116,FastShip,Shanghai,Toronto,Pharma,High,0.6664,18,"I'm sorry your shipment SHP00116 from Shanghai to Toronto is now expected between Dec 13, 2024 to Dec 14, 2024. The most likely cause is delayed customs clearance (currently Held). Please adjust your receiving schedule or contact your LogiTrack account manager if you need a different delivery plan.",IMMEDIATE
SHP00117,FastShip,Singapore,Sydney,Pharma,High,0.9826,18,"I'm sorry your shipment SHP00117 from Singapore to Sydney is now expected between Jul 05, 2024 to Jul 06, 2024. The most likely cause is delayed customs clearance (currently Pending). Please adjust your receiving schedule or contact your LogiTrack account manager if you need a different delivery plan.",IMMEDIATE
SHP00118,QuickMove,Rotterdam,Tokyo,Perishable,High,0.9392,24,"I'm sorry your shipment SHP00118 from Rotterdam to Tokyo is now expected between Jul 20, 2024 to Jul 21, 2024. The most likely cause is routing delays with QuickMove. Please adjust your receiving schedule or contact your LogiTrack account manager if you need a different delivery plan.",IMMEDIATE
SHP00119,AirExpress,Chicago,Cape Town,Consumer Goods,High,0.9702,22,"I'm sorry your shipment SHP00119 from Chicago to Cape Town is now expected between May 09, 2024 to May 10, 2024. The most likely cause is delayed customs clearance (currently Pending). Please adjust your receiving schedule or contact your LogiTrack account manager if you need a different delivery plan.",IMMEDIATE
SHP00120,AirExpress,Shanghai,Frankfurt,Consumer Goods,High,0.9651,21,"I'm sorry your shipment SHP00120 from Shanghai to Frankfurt is now expected between Aug 28, 2024 to Aug 29, 2024. The most likely cause is routing delays with AirExpress. Please adjust your receiving schedule or contact your LogiTrack account manager if you need a different delivery plan.",IMMEDIATE
SHP00122,AirExpress,Singapore,Tokyo,Perishable,High,0.9274,20,"I'm sorry your shipment SHP00122 from Singapore to Tokyo is now expected between Nov 06, 2024 to Nov 07, 2024. The most likely cause is delayed customs clearance (currently Held). Please adjust your receiving schedule or contact your LogiTrack account manager if you need a different delivery plan.",IMMEDIATE
SHP00123,FastShip,Shanghai,London,Perishable,High,0.979,19,"I'm sorry your shipment SHP00123 from Shanghai to London is now expected between Apr 25, 2024 to Apr 26, 2024. The most likely cause is routing delays with FastShip. Please adjust your receiving schedule or contact your LogiTrack account manager if you need a different delivery plan.",IMMEDIATE
SHP00124,AirExpress,Mumbai,Sydney,Consumer Goods,High,0.9825,9,"I'm sorry your shipment SHP00124 from Mumbai to Sydney is now expected between Dec 27, 2024 to Dec 28, 2024. The most likely cause is routing delays with AirExpress. Please adjust your receiving schedule or contact your LogiTrack account manager if you need a different delivery plan.",IMMEDIATE
SHP00125,GroundPlus,Chicago,New York,Pharma,High,0.9766,16,"I'm sorry your shipment SHP00125 from Chicago to New York is now expected between Feb 21, 2024 to Feb 22, 2024. The most likely cause is delayed customs clearance (currently Pending). Please adjust your receiving schedule or contact your LogiTrack account manager if you need a different delivery plan.",IMMEDIATE
SHP00126,AirExpress,Mumbai,Sydney,Consumer Goods,High,0.99,20,"I'm sorry your shipment SHP00126 from Mumbai to Sydney is now expected between Aug 22, 2024 to Aug 23, 2024. The most likely cause is delayed customs clearance (currently Pending). Please adjust your receiving schedule or contact your LogiTrack account manager if you need a different delivery plan.",IMMEDIATE
SHP00127,AirExpress,Dubai,New York,Industrial,Medium,0.4592,9,"I'm sorry your shipment SHP00127 from Dubai to New York is now expected between Dec 15, 2024 to Dec 16, 2024. The most likely cause is delayed customs clearance (currently Held). Please adjust your receiving schedule or contact your LogiTrack account manager if you need a different delivery plan.",SCHEDULED
SHP00128,AirExpress,Shanghai,Frankfurt,Consumer Goods,High,0.9849,23,"I'm sorry your shipment SHP00128 from Shanghai to Frankfurt is now expected between Apr 06, 2024 to Apr 07, 2024. The most likely cause is delayed customs clearance (currently Held). Please adjust your receiving schedule or contact your LogiTrack account manager if you need a different delivery plan.",IMMEDIATE
SHP00129,AirExpress,Mumbai,Cape Town,Industrial,High,0.9277,23,"I'm sorry your shipment SHP00129 from Mumbai to Cape Town is now expected between Feb 13, 2024 to Feb 14, 2024. The most likely cause is routing delays with AirExpress. Please adjust your receiving schedule or contact your LogiTrack account manager if you need a different delivery plan.",IMMEDIATE
SHP00130,FastShip,Rotterdam,Tokyo,Industrial,High,0.9511,19,"I'm sorry your shipment SHP00130 from Rotterdam to Tokyo is now expected between Dec 01, 2024 to Dec 02, 2024. The most likely cause is routing delays with FastShip. Please adjust your receiving schedule or contact your LogiTrack account manager if you need a different delivery plan.",IMMEDIATE
SHP00131,AirExpress,Chicago,Toronto,Pharma,High,0.9255,19,"I'm sorry your shipment SHP00131 from Chicago to Toronto is now expected between Dec 06, 2024 to Dec 07, 2024. The most likely cause is delayed customs clearance (currently Pending). Please adjust your receiving schedule or contact your LogiTrack account manager if you need a different delivery plan.",IMMEDIATE
SHP00132,GroundPlus,Rotterdam,Tokyo,Electronics,High,0.9632,22,"I'm sorry your shipment SHP00132 from Rotterdam to Tokyo is now expected between Mar 16, 2024 to Mar 17, 2024. The most likely cause is routing delays with GroundPlus. Please adjust your receiving schedule or contact your LogiTrack account manager if you need a different delivery plan.",IMMEDIATE
SHP00133,GroundPlus,Singapore,Cape Town,Perishable,High,0.9278,15,"I'm sorry your shipment SHP00133 from Singapore to Cape Town is now expected between Dec 08, 2024 to Dec 09, 2024. The most likely cause is routing delays with GroundPlus. Please adjust your receiving schedule or contact your LogiTrack account manager if you need a different delivery plan.",IMMEDIATE
SHP00135,QuickMove,Dubai,Tokyo,Industrial,High,0.9729,9,"I'm sorry your shipment SHP00135 from Dubai to Tokyo is now expected between May 31, 2024 to Jun 01, 2024. The most likely cause is routing delays with QuickMove. Please adjust your receiving schedule or contact your LogiTrack account manager if you need a different delivery plan.",IMMEDIATE
SHP00137,QuickMove,Shanghai,Toronto,Perishable,High,0.976,24,"I'm sorry your shipment SHP00137 from Shanghai to Toronto is now expected between Oct 18, 2024 to Oct 19, 2024. The most likely cause is routing delays with QuickMove. Please adjust your receiving schedule or contact your LogiTrack account manager if you need a different delivery plan.",IMMEDIATE
SHP00138,FastShip,Chicago,Tokyo,Perishable,High,0.9723,8,"I'm sorry your shipment SHP00138 from Chicago to Tokyo is now expected between May 10, 2024 to May 11, 2024. The most likely cause is delayed customs clearance (currently Pending). Please adjust your receiving schedule or contact your LogiTrack account manager if you need a different delivery plan.",IMMEDIATE
SHP00139,GlobalFreight,Mumbai,New York,Industrial,High,0.7008,17,"I'm sorry your shipment SHP00139 from Mumbai to New York is now expected between Mar 07, 2024 to Mar 08, 2024. The most likely cause is routing delays with GlobalFreight. Please adjust your receiving schedule or contact your LogiTrack account manager if you need a different delivery plan.",IMMEDIATE
SHP00140,GlobalFreight,Dubai,London,Electronics,High,0.9692,17,"I'm sorry your shipment SHP00140 from Dubai to London is now expected between Oct 21, 2024 to Oct 22, 2024. The most likely cause is delayed customs clearance (currently Pending). Please adjust your receiving schedule or contact your LogiTrack account manager if you need a different delivery plan.",IMMEDIATE
SHP00141,AirExpress,Chicago,New York,Pharma,High,0.9105,17,"I'm sorry your shipment SHP00141 from Chicago to New York is now expected between Jan 24, 2024 to Jan 25, 2024. The most likely cause is routing delays with AirExpress. Please adjust your receiving schedule or contact your LogiTrack account manager if you need a different delivery plan.",IMMEDIATE
SHP00144,GlobalFreight,Rotterdam,London,Perishable,High,0.8319,9,"I'm sorry your shipment SHP00144 from Rotterdam to London is now expected between Aug 26, 2024 to Aug 27, 2024. The most likely cause is routing delays with GlobalFreight. Please adjust your receiving schedule or contact your LogiTrack account manager if you need a different delivery plan.",IMMEDIATE
SHP00146,GlobalFreight,SÃ£o Paulo,New York,Electronics,High,0.8893,16,"I'm sorry your shipment SHP00146 from SÃ£o Paulo to New York is now expected between Feb 05, 2024 to Feb 06, 2024. The most likely cause is delayed customs clearance (currently Pending). Please adjust your receiving schedule or contact your LogiTrack account manager if you need a different delivery plan.",IMMEDIATE
SHP00147,GlobalFreight,Dubai,Frankfurt,Industrial,High,0.9707,11,"I'm sorry your shipment SHP00147 from Dubai to Frankfurt is now expected between Aug 11, 2024 to Aug 12, 2024. The most likely cause is delayed customs clearance (currently Held). Please adjust your receiving schedule or contact your LogiTrack account manager if you need a different delivery plan.",IMMEDIATE
SHP00148,QuickMove,Singapore,New York,Pharma,Medium,0.4593,15,"I'm sorry your shipment SHP00148 from Singapore to New York is now expected between Dec 21, 2024 to Dec 22, 2024. The most likely cause is delayed customs clearance (currently Pending). Please adjust your receiving schedule or contact your LogiTrack account manager if you need a different delivery plan.",SCHEDULED
SHP00149,GlobalFreight,Singapore,Tokyo,Pharma,High,0.9791,23,"I'm sorry your shipment SHP00149 from Singapore to Tokyo is now expected between Feb 26, 2024 to Feb 27, 2024. The most likely cause is delayed customs clearance (currently Pending). Please adjust your receiving schedule or contact your LogiTrack account manager if you need a different delivery plan.",IMMEDIATE
SHP00150,AirExpress,Mumbai,London,Electronics,High,0.746,13,"I'm sorry your shipment SHP00150 from Mumbai to London is now expected between Apr 27, 2024 to Apr 28, 2024. The most likely cause is routing delays with AirExpress. Please adjust your receiving schedule or contact your LogiTrack account manager if you need a different delivery plan.",IMMEDIATE
SHP00151,GlobalFreight,SÃ£o Paulo,New York,Industrial,High,0.9926,12,"I'm sorry your shipment SHP00151 from SÃ£o Paulo to New York is now expected between May 19, 2024 to May 20, 2024. The most likely cause is delayed customs clearance (currently Pending). Please adjust your receiving schedule or contact your LogiTrack account manager if you need a different delivery plan.",IMMEDIATE
SHP00152,QuickMove,Rotterdam,Frankfurt,Industrial,High,0.9123,15,"I'm sorry your shipment SHP00152 from Rotterdam to Frankfurt is now expected between Apr 10, 2024 to Apr 11, 2024. The most likely cause is routing delays with QuickMove. Please adjust your receiving schedule or contact your LogiTrack account manager if you need a different delivery plan.",IMMEDIATE
SHP00153,AirExpress,Chicago,Toronto,Consumer Goods,High,0.9089,11,"I'm sorry your shipment SHP00153 from Chicago to Toronto is now expected between Feb 23, 2024 to Feb 24, 2024. The most likely cause is routing delays with AirExpress. Please adjust your receiving schedule or contact your LogiTrack account manager if you need a different delivery plan.",IMMEDIATE
SHP00154,QuickMove,SÃ£o Paulo,Frankfurt,Pharma,High,0.9631,15,"I'm sorry your shipment SHP00154 from SÃ£o Paulo to Frankfurt is now expected between Jul 26, 2024 to Jul 27, 2024. The most likely cause is routing delays with QuickMove. Please adjust your receiving schedule or contact your LogiTrack account manager if you need a different delivery plan.",IMMEDIATE
SHP00155,GroundPlus,SÃ£o Paulo,Toronto,Electronics,High,0.9585,13,"I'm sorry your shipment SHP00155 from SÃ£o Paulo to Toronto is now expected between Sep 26, 2024 to Sep 27, 2024. The most likely cause is delayed customs clearance (currently Pending). Please adjust your receiving schedule or contact your LogiTrack account manager if you need a different delivery plan.",IMMEDIATE
SHP00156,QuickMove,Chicago,Toronto,Industrial,High,0.9816,19,"I'm sorry your shipment SHP00156 from Chicago to Toronto is now expected between Feb 08, 2024 to Feb 09, 2024. The most likely cause is delayed customs clearance (currently Held). Please adjust your receiving schedule or contact your LogiTrack account manager if you need a different delivery plan.",IMMEDIATE
SHP00157,FastShip,Chicago,Frankfurt,Pharma,High,0.9787,15,"I'm sorry your shipment SHP00157 from Chicago to Frankfurt is now expected between Dec 14, 2024 to Dec 15, 2024. The most likely cause is routing delays with FastShip. Please adjust your receiving schedule or contact your LogiTrack account manager if you need a different delivery plan.",IMMEDIATE
SHP00160,FastShip,SÃ£o Paulo,London,Industrial,High,0.9418,15,"I'm sorry your shipment SHP00160 from SÃ£o Paulo to London is now expected between Aug 13, 2024 to Aug 14, 2024. The most likely cause is routing delays with FastShip. Please adjust your receiving schedule or contact your LogiTrack account manager if you need a different delivery plan.",IMMEDIATE
SHP00161,FastShip,Mumbai,Tokyo,Consumer Goods,High,0.7404,11,"I'm sorry your shipment SHP00161 from Mumbai to Tokyo is now expected between Jan 15, 2024 to Jan 16, 2024. The most likely cause is delayed customs clearance (currently Pending). Please adjust your receiving schedule or contact your LogiTrack account manager if you need a different delivery plan.",IMMEDIATE
SHP00162,GlobalFreight,Singapore,Toronto,Electronics,High,0.9868,23,"I'm sorry your shipment SHP00162 from Singapore to Toronto is now expected between Aug 02, 2024 to Aug 03, 2024. The most likely cause is delayed customs clearance (currently Held). Please adjust your receiving schedule or contact your LogiTrack account manager if you need a different delivery plan.",IMMEDIATE
SHP00163,GlobalFreight,Dubai,London,Pharma,High,0.8915,10,"I'm sorry your shipment SHP00163 from Dubai to London is now expected between Apr 13, 2024 to Apr 14, 2024. The most likely cause is delayed customs clearance (currently Pending). Please adjust your receiving schedule or contact your LogiTrack account manager if you need a different delivery plan.",IMMEDIATE
SHP00166,GroundPlus,Singapore,New York,Electronics,High,0.9568,19,"I'm sorry your shipment SHP00166 from Singapore to New York is now expected between Jul 10, 2024 to Jul 11, 2024. The most likely cause is delayed customs clearance (currently Held). Please adjust your receiving schedule or contact your LogiTrack account manager if you need a different delivery plan.",IMMEDIATE
SHP00167,GroundPlus,Chicago,Sydney,Perishable,High,0.9565,17,"I'm sorry your shipment SHP00167 from Chicago to Sydney is now expected between Feb 16, 2024 to Feb 17, 2024. The most likely cause is delayed customs clearance (currently Held). Please adjust your receiving schedule or contact your LogiTrack account manager if you need a different delivery plan.",IMMEDIATE
SHP00169,GlobalFreight,Rotterdam,Toronto,Consumer Goods,High,0.9937,23,"I'm sorry your shipment SHP00169 from Rotterdam to Toronto is now expected between Jul 06, 2024 to Jul 07, 2024. The most likely cause is delayed customs clearance (currently Pending). Please adjust your receiving schedule or contact your LogiTrack account manager if you need a different delivery plan.",IMMEDIATE
SHP00170,FastShip,Dubai,Sydney,Electronics,High,0.9712,21,"I'm sorry your shipment SHP00170 from Dubai to Sydney is now expected between Mar 03, 2024 to Mar 04, 2024. The most likely cause is routing delays with FastShip. Please adjust your receiving schedule or contact your LogiTrack account manager if you need a different delivery plan.",IMMEDIATE
SHP00172,QuickMove,Singapore,Tokyo,Consumer Goods,High,0.9556,12,"I'm sorry your shipment SHP00172 from Singapore to Tokyo is now expected between May 15, 2024 to May 16, 2024. The most likely cause is routing delays with QuickMove. Please adjust your receiving schedule or contact your LogiTrack account manager if you need a different delivery plan.",IMMEDIATE
SHP00173,GlobalFreight,Shanghai,London,Electronics,High,0.9854,12,"I'm sorry your shipment SHP00173 from Shanghai to London is now expected between May 23, 2024 to May 24, 2024. The most likely cause is routing delays with GlobalFreight. Please adjust your receiving schedule or contact your LogiTrack account manager if you need a different delivery plan.",IMMEDIATE
SHP00174,AirExpress,Dubai,New York,Pharma,High,0.9929,9,"I'm sorry your shipment SHP00174 from Dubai to New York is now expected between Nov 12, 2024 to Nov 13, 2024. The most likely cause is delayed customs clearance (currently Pending). Please adjust your receiving schedule or contact your LogiTrack account manager if you need a different delivery plan.",IMMEDIATE
SHP00175,FastShip,Dubai,Sydney,Industrial,High,0.957,24,"I'm sorry your shipment SHP00175 from Dubai to Sydney is now expected between Jun 21, 2024 to Jun 22, 2024. The most likely cause is delayed customs clearance (currently Pending). Please adjust your receiving schedule or contact your LogiTrack account manager if you need a different delivery plan.",IMMEDIATE
SHP00176,FastShip,Mumbai,New York,Perishable,High,0.9742,10,"I'm sorry your shipment SHP00176 from Mumbai to New York is now expected between Nov 01, 2024 to Nov 02, 2024. The most likely cause is delayed customs clearance (currently Pending). Please adjust your receiving schedule or contact your LogiTrack account manager if you need a different delivery plan.",IMMEDIATE
SHP00177,FastShip,Rotterdam,New York,Consumer Goods,High,0.9223,20,"I'm sorry your shipment SHP00177 from Rotterdam to New York is now expected between Nov 24, 2024 to Nov 25, 2024. The most likely cause is delayed customs clearance (currently Held). Please adjust your receiving schedule or contact your LogiTrack account manager if you need a different delivery plan.",IMMEDIATE
SHP00179,GlobalFreight,SÃ£o Paulo,Sydney,Pharma,High,0.9306,17,"I'm sorry your shipment SHP00179 from SÃ£o Paulo to Sydney is now expected between Jan 13, 2025 to Jan 14, 2025. The most likely cause is routing delays with GlobalFreight. Please adjust your receiving schedule or contact your LogiTrack account manager if you need a different delivery plan.",IMMEDIATE
SHP00180,GroundPlus,Chicago,Tokyo,Pharma,High,0.9889,8,"I'm sorry your shipment SHP00180 from Chicago to Tokyo is now expected between May 03, 2024 to May 04, 2024. The most likely cause is delayed customs clearance (currently Pending). Please adjust your receiving schedule or contact your LogiTrack account manager if you need a different delivery plan.",IMMEDIATE
SHP00181,FastShip,Singapore,Cape Town,Pharma,High,0.9046,16,"I'm sorry your shipment SHP00181 from Singapore to Cape Town is now expected between Aug 20, 2024 to Aug 21, 2024. The most likely cause is routing delays with FastShip. Please adjust your receiving schedule or contact your LogiTrack account manager if you need a different delivery plan.",IMMEDIATE
SHP00182,AirExpress,Rotterdam,Cape Town,Industrial,High,0.9588,16,"I'm sorry your shipment SHP00182 from Rotterdam to Cape Town is now expected between Mar 24, 2024 to Mar 25, 2024. The most likely cause is delayed customs clearance (currently Pending). Please adjust your receiving schedule or contact your LogiTrack account manager if you need a different delivery plan.",IMMEDIATE
SHP00183,QuickMove,Singapore,Cape Town,Consumer Goods,High,0.8633,16,"I'm sorry your shipment SHP00183 from Singapore to Cape Town is now expected between Jan 07, 2025 to Jan 08, 2025. The most likely cause is delayed customs clearance (currently Pending). Please adjust your receiving schedule or contact your LogiTrack account manager if you need a different delivery plan.",IMMEDIATE
SHP00184,AirExpress,Rotterdam,London,Pharma,High,0.9233,7,"I'm sorry your shipment SHP00184 from Rotterdam to London is now expected between Aug 13, 2024 to Aug 14, 2024. The most likely cause is routing delays with AirExpress. Please adjust your receiving schedule or contact your LogiTrack account manager if you need a different delivery plan.",IMMEDIATE
SHP00186,AirExpress,Shanghai,New York,Electronics,High,0.952,16,"I'm sorry your shipment SHP00186 from Shanghai to New York is now expected between Dec 14, 2024 to Dec 15, 2024. The most likely cause is routing delays with AirExpress. Please adjust your receiving schedule or contact your LogiTrack account manager if you need a different delivery plan.",IMMEDIATE
SHP00189,AirExpress,Rotterdam,Frankfurt,Pharma,High,0.9929,24,"I'm sorry your shipment SHP00189 from Rotterdam to Frankfurt is now expected between Oct 25, 2024 to Oct 26, 2024. The most likely cause is routing delays with AirExpress. Please adjust your receiving schedule or contact your LogiTrack account manager if you need a different delivery plan.",IMMEDIATE
SHP00191,GroundPlus,Chicago,Cape Town,Perishable,High,0.878,25,"I'm sorry your shipment SHP00191 from Chicago to Cape Town is now expected between Feb 12, 2024 to Feb 13, 2024. The most likely cause is delayed customs clearance (currently Pending). Please adjust your receiving schedule or contact your LogiTrack account manager if you need a different delivery plan.",IMMEDIATE
SHP00193,QuickMove,Dubai,Frankfurt,Industrial,High,0.9738,17,"I'm sorry your shipment SHP00193 from Dubai to Frankfurt is now expected between May 04, 2024 to May 05, 2024. The most likely cause is delayed customs clearance (currently Held). Please adjust your receiving schedule or contact your LogiTrack account manager if you need a different delivery plan.",IMMEDIATE
SHP00194,FastShip,Dubai,Cape Town,Electronics,High,0.9034,11,"I'm sorry your shipment SHP00194 from Dubai to Cape Town is now expected between May 01, 2024 to May 02, 2024. The most likely cause is delayed customs clearance (currently Pending). Please adjust your receiving schedule or contact your LogiTrack account manager if you need a different delivery plan.",IMMEDIATE
SHP00195,GroundPlus,Rotterdam,Sydney,Pharma,High,0.9886,9,"I'm sorry your shipment SHP00195 from Rotterdam to Sydney is now expected between Apr 02, 2024 to Apr 03, 2024. The most likely cause is delayed customs clearance (currently Held). Please adjust your receiving schedule or contact your LogiTrack account manager if you need a different delivery plan.",IMMEDIATE
SHP00196,AirExpress,Chicago,New York,Perishable,High,0.9779,24,"I'm sorry your shipment SHP00196 from Chicago to New York is now expected between Jan 15, 2025 to Jan 16, 2025. The most likely cause is routing delays with AirExpress. Please adjust your receiving schedule or contact your LogiTrack account manager if you need a different delivery plan.",IMMEDIATE
SHP00197,GlobalFreight,Dubai,Sydney,Consumer Goods,High,0.9952,12,"I'm sorry your shipment SHP00197 from Dubai to Sydney is now expected between Aug 22, 2024 to Aug 23, 2024. The most likely cause is delayed customs clearance (currently Pending). Please adjust your receiving schedule or contact your LogiTrack account manager if you need a different delivery plan.",IMMEDIATE
SHP00198,AirExpress,Mumbai,Frankfurt,Pharma,High,0.9944,24,"I'm sorry your shipment SHP00198 from Mumbai to Frankfurt is now expected between Mar 10, 2024 to Mar 11, 2024. The most likely cause is routing delays with AirExpress. Please adjust your receiving schedule or contact your LogiTrack account manager if you need a different delivery plan.",IMMEDIATE
SHP00200,AirExpress,Mumbai,Cape Town,Electronics,High,0.9704,25,"I'm sorry your shipment SHP00200 from Mumbai to Cape Town is now expected between Nov 13, 2024 to Nov 14, 2024. The most likely cause is routing delays with AirExpress. Please adjust your receiving schedule or contact your LogiTrack account manager if you need a different delivery plan.",IMMEDIATE
SHP00201,QuickMove,SÃ£o Paulo,Sydney,Consumer Goods,High,0.9922,12,"I'm sorry your shipment SHP00201 from SÃ£o Paulo to Sydney is now expected between Dec 25, 2024 to Dec 26, 2024. The most likely cause is routing delays with QuickMove. Please adjust your receiving schedule or contact your LogiTrack account manager if you need a different delivery plan.",IMMEDIATE
SHP00203,QuickMove,Mumbai,Tokyo,Perishable,High,0.9727,20,"I'm sorry your shipment SHP00203 from Mumbai to Tokyo is now expected between Sep 16, 2024 to Sep 17, 2024. The most likely cause is delayed customs clearance (currently Pending). Please adjust your receiving schedule or contact your LogiTrack account manager if you need a different delivery plan.",IMMEDIATE
SHP00206,FastShip,Chicago,Tokyo,Consumer Goods,High,0.9368,22,"I'm sorry your shipment SHP00206 from Chicago to Tokyo is now expected between Apr 29, 2024 to Apr 30, 2024. The most likely cause is routing delays with FastShip. Please adjust your receiving schedule or contact your LogiTrack account manager if you need a different delivery plan.",IMMEDIATE
SHP00209,FastShip,Rotterdam,Tokyo,Pharma,High,0.9477,16,"I'm sorry your shipment SHP00209 from Rotterdam to Tokyo is now expected between Jan 18, 2024 to Jan 19, 2024. The most likely cause is routing delays with FastShip. Please adjust your receiving schedule or contact your LogiTrack account manager if you need a different delivery plan.",IMMEDIATE
SHP00210,GroundPlus,Chicago,London,Perishable,High,0.9477,8,"I'm sorry your shipment SHP00210 from Chicago to London is now expected between Nov 19, 2024 to Nov 20, 2024. The most likely cause is routing delays with GroundPlus. Please adjust your receiving schedule or contact your LogiTrack account manager if you need a different delivery plan.",IMMEDIATE
SHP00211,AirExpress,Rotterdam,Sydney,Perishable,High,0.9835,12,"I'm sorry your shipment SHP00211 from Rotterdam to Sydney is now expected between Sep 20, 2024 to Sep 21, 2024. The most likely cause is delayed customs clearance (currently Held). Please adjust your receiving schedule or contact your LogiTrack account manager if you need a different delivery plan.",IMMEDIATE
SHP00212,GlobalFreight,Mumbai,Frankfurt,Consumer Goods,High,0.9437,10,"I'm sorry your shipment SHP00212 from Mumbai to Frankfurt is now expected between May 18, 2024 to May 19, 2024. The most likely cause is routing delays with GlobalFreight. Please adjust your receiving schedule or contact your LogiTrack account manager if you need a different delivery plan.",IMMEDIATE
SHP00213,GlobalFreight,Chicago,Toronto,Perishable,High,0.9138,12,"I'm sorry your shipment SHP00213 from Chicago to Toronto is now expected between Aug 24, 2024 to Aug 25, 2024. The most likely cause is routing delays with GlobalFreight. Please adjust your receiving schedule or contact your LogiTrack account manager if you need a different delivery plan.",IMMEDIATE
SHP00214,GlobalFreight,Shanghai,Sydney,Industrial,Medium,0.5489,8,"I'm sorry your shipment SHP00214 from Shanghai to Sydney is now expected between Aug 11, 2024 to Aug 12, 2024. The most likely cause is delayed customs clearance (currently Held). Please adjust your receiving schedule or contact your LogiTrack account manager if you need a different delivery plan.",SCHEDULED
SHP00217,GroundPlus,Mumbai,Cape Town,Pharma,High,0.8685,20,"I'm sorry your shipment SHP00217 from Mumbai to Cape Town is now expected between Sep 25, 2024 to Sep 26, 2024. The most likely cause is routing delays with GroundPlus. Please adjust your receiving schedule or contact your LogiTrack account manager if you need a different delivery plan.",IMMEDIATE
SHP00218,FastShip,Singapore,Toronto,Pharma,High,0.9972,12,"I'm sorry your shipment SHP00218 from Singapore to Toronto is now expected between Jan 05, 2025 to Jan 06, 2025. The most likely cause is delayed customs clearance (currently Held). Please adjust your receiving schedule or contact your LogiTrack account manager if you need a different delivery plan.",IMMEDIATE
SHP00219,GlobalFreight,Dubai,Cape Town,Industrial,High,0.9587,23,"I'm sorry your shipment SHP00219 from Dubai to Cape Town is now expected between Apr 09, 2024 to Apr 10, 2024. The most likely cause is delayed customs clearance (currently Pending). Please adjust your receiving schedule or contact your LogiTrack account manager if you need a different delivery plan.",IMMEDIATE
SHP00220,GlobalFreight,Mumbai,London,Industrial,High,0.9863,11,"I'm sorry your shipment SHP00220 from Mumbai to London is now expected between Feb 07, 2024 to Feb 08, 2024. The most likely cause is routing delays with GlobalFreight. Please adjust your receiving schedule or contact your LogiTrack account manager if you need a different delivery plan.",IMMEDIATE
SHP00221,AirExpress,Chicago,Frankfurt,Perishable,High,0.962,14,"I'm sorry your shipment SHP00221 from Chicago to Frankfurt is now expected between Aug 20, 2024 to Aug 21, 2024. The most likely cause is routing delays with AirExpress. Please adjust your receiving schedule or contact your LogiTrack account manager if you need a different delivery plan.",IMMEDIATE
SHP00222,FastShip,Rotterdam,New York,Perishable,High,0.909,20,"I'm sorry your shipment SHP00222 from Rotterdam to New York is now expected between Jan 21, 2024 to Jan 22, 2024. The most likely cause is delayed customs clearance (currently Held). Please adjust your receiving schedule or contact your LogiTrack account manager if you need a different delivery plan.",IMMEDIATE
SHP00225,GroundPlus,SÃ£o Paulo,Frankfurt,Perishable,High,0.7079,13,"I'm sorry your shipment SHP00225 from SÃ£o Paulo to Frankfurt is now expected between Nov 17, 2024 to Nov 18, 2024. The most likely cause is routing delays with GroundPlus. Please adjust your receiving schedule or contact your LogiTrack account manager if you need a different delivery plan.",IMMEDIATE
SHP00226,FastShip,Mumbai,Frankfurt,Pharma,High,0.962,10,"I'm sorry your shipment SHP00226 from Mumbai to Frankfurt is now expected between Apr 23, 2024 to Apr 24, 2024. The most likely cause is delayed customs clearance (currently Held). Please adjust your receiving schedule or contact your LogiTrack account manager if you need a different delivery plan.",IMMEDIATE
SHP00227,GroundPlus,Dubai,London,Electronics,High,0.9711,24,"I'm sorry your shipment SHP00227 from Dubai to London is now expected between Mar 25, 2024 to Mar 26, 2024. The most likely cause is delayed customs clearance (currently Held). Please adjust your receiving schedule or contact your LogiTrack account manager if you need a different delivery plan.",IMMEDIATE
SHP00228,AirExpress,Mumbai,Toronto,Industrial,High,0.9394,7,"I'm sorry your shipment SHP00228 from Mumbai to Toronto is now expected between Oct 23, 2024 to Oct 24, 2024. The most likely cause is delayed customs clearance (currently Held). Please adjust your receiving schedule or contact your LogiTrack account manager if you need a different delivery plan.",IMMEDIATE
SHP00229,FastShip,Singapore,Tokyo,Pharma,High,0.9799,22,"I'm sorry your shipment SHP00229 from Singapore to Tokyo is now expected between Oct 09, 2024 to Oct 10, 2024. The most likely cause is routing delays with FastShip. Please adjust your receiving schedule or contact your LogiTrack account manager if you need a different delivery plan.",IMMEDIATE
SHP00230,AirExpress,SÃ£o Paulo,Cape Town,Industrial,High,0.9462,13,"I'm sorry your shipment SHP00230 from SÃ£o Paulo to Cape Town is now expected between Nov 12, 2024 to Nov 13, 2024. The most likely cause is routing delays with AirExpress. Please adjust your receiving schedule or contact your LogiTrack account manager if you need a different delivery plan.",IMMEDIATE
SHP00231,FastShip,Singapore,Frankfurt,Industrial,High,0.9508,15,"I'm sorry your shipment SHP00231 from Singapore to Frankfurt is now expected between Oct 24, 2024 to Oct 25, 2024. The most likely cause is delayed customs clearance (currently Pending). Please adjust your receiving schedule or contact your LogiTrack account manager if you need a different delivery plan.",IMMEDIATE
SHP00233,GlobalFreight,Singapore,London,Consumer Goods,High,0.9881,18,"I'm sorry your shipment SHP00233 from Singapore to London is now expected between Mar 27, 2024 to Mar 28, 2024. The most likely cause is routing delays with GlobalFreight. Please adjust your receiving schedule or contact your LogiTrack account manager if you need a different delivery plan.",IMMEDIATE
SHP00234,AirExpress,SÃ£o Paulo,Sydney,Perishable,High,0.9865,18,"I'm sorry your shipment SHP00234 from SÃ£o Paulo to Sydney is now expected between Jan 27, 2024 to Jan 28, 2024. The most likely cause is delayed customs clearance (currently Held). Please adjust your receiving schedule or contact your LogiTrack account manager if you need a different delivery plan.",IMMEDIATE
SHP00235,GroundPlus,Dubai,Cape Town,Consumer Goods,High,0.9794,15,"I'm sorry your shipment SHP00235 from Dubai to Cape Town is now expected between Apr 29, 2024 to Apr 30, 2024. The most likely cause is routing delays with GroundPlus. Please adjust your receiving schedule or contact your LogiTrack account manager if you need a different delivery plan.",IMMEDIATE
SHP00236,GroundPlus,Dubai,Cape Town,Industrial,High,0.9445,20,"I'm sorry your shipment SHP00236 from Dubai to Cape Town is now expected between Apr 22, 2024 to Apr 23, 2024. The most likely cause is delayed customs clearance (currently Pending). Please adjust your receiving schedule or contact your LogiTrack account manager if you need a different delivery plan.",IMMEDIATE
SHP00237,AirExpress,Shanghai,Cape Town,Pharma,High,0.9643,12,"I'm sorry your shipment SHP00237 from Shanghai to Cape Town is now expected between Apr 12, 2024 to Apr 13, 2024. The most likely cause is routing delays with AirExpress. Please adjust your receiving schedule or contact your LogiTrack account manager if you need a different delivery plan.",IMMEDIATE
SHP00238,AirExpress,Dubai,Frankfurt,Pharma,High,0.9853,20,"I'm sorry your shipment SHP00238 from Dubai to Frankfurt is now expected between Oct 16, 2024 to Oct 17, 2024. The most likely cause is routing delays with AirExpress. Please adjust your receiving schedule or contact your LogiTrack account manager if you need a different delivery plan.",IMMEDIATE
SHP00239,GlobalFreight,Dubai,Cape Town,Electronics,High,0.929,19,"I'm sorry your shipment SHP00239 from Dubai to Cape Town is now expected between Dec 14, 2024 to Dec 15, 2024. The most likely cause is routing delays with GlobalFreight. Please adjust your receiving schedule or contact your LogiTrack account manager if you need a different delivery plan.",IMMEDIATE
SHP00241,GroundPlus,Chicago,Cape Town,Pharma,High,0.9518,11,"I'm sorry your shipment SHP00241 from Chicago to Cape Town is now expected between Nov 28, 2024 to Nov 29, 2024. The most likely cause is routing delays with GroundPlus. Please adjust your receiving schedule or contact your LogiTrack account manager if you need a different delivery plan.",IMMEDIATE
SHP00242,GroundPlus,Mumbai,New York,Electronics,High,0.9958,10,"I'm sorry your shipment SHP00242 from Mumbai to New York is now expected between May 04, 2024 to May 05, 2024. The most likely cause is routing delays with GroundPlus. Please adjust your receiving schedule or contact your LogiTrack account manager if you need a different delivery plan.",IMMEDIATE
SHP00243,FastShip,Shanghai,Toronto,Industrial,High,0.9652,14,"I'm sorry your shipment SHP00243 from Shanghai to Toronto is now expected between Mar 11, 2024 to Mar 12, 2024. The most likely cause is routing delays with FastShip. Please adjust your receiving schedule or contact your LogiTrack account manager if you need a different delivery plan.",IMMEDIATE
SHP00244,GlobalFreight,Mumbai,Sydney,Perishable,High,0.9801,10,"I'm sorry your shipment SHP00244 from Mumbai to Sydney is now expected between Apr 11, 2024 to Apr 12, 2024. The most likely cause is routing delays with GlobalFreight. Please adjust your receiving schedule or contact your LogiTrack account manager if you need a different delivery plan.",IMMEDIATE
SHP00245,AirExpress,SÃ£o Paulo,Sydney,Consumer Goods,High,0.9775,11,"I'm sorry your shipment SHP00245 from SÃ£o Paulo to Sydney is now expected between May 29, 2024 to May 30, 2024. The most likely cause is delayed customs clearance (currently Held). Please adjust your receiving schedule or contact your LogiTrack account manager if you need a different delivery plan.",IMMEDIATE
SHP00247,AirExpress,Singapore,New York,Electronics,High,0.6919,11,"I'm sorry your shipment SHP00247 from Singapore to New York is now expected between Jul 27, 2024 to Jul 28, 2024. The most likely cause is delayed customs clearance (currently Held). Please adjust your receiving schedule or contact your LogiTrack account manager if you need a different delivery plan.",IMMEDIATE
SHP00250,GlobalFreight,Dubai,New York,Pharma,High,0.9861,7,"I'm sorry your shipment SHP00250 from Dubai to New York is now expected between Feb 07, 2024 to Feb 08, 2024. The most likely cause is routing delays with GlobalFreight. Please adjust your receiving schedule or contact your LogiTrack account manager if you need a different delivery plan.",IMMEDIATE
SHP00251,QuickMove,Rotterdam,Cape Town,Pharma,High,0.9792,24,"I'm sorry your shipment SHP00251 from Rotterdam to Cape Town is now expected between Feb 22, 2024 to Feb 23, 2024. The most likely cause is delayed customs clearance (currently Pending). Please adjust your receiving schedule or contact your LogiTrack account manager if you need a different delivery plan.",IMMEDIATE
SHP00252,GlobalFreight,Mumbai,Tokyo,Pharma,High,0.9634,20,"I'm sorry your shipment SHP00252 from Mumbai to Tokyo is now expected between Feb 27, 2024 to Feb 28, 2024. The most likely cause is routing delays with GlobalFreight. Please adjust your receiving schedule or contact your LogiTrack account manager if you need a different delivery plan.",IMMEDIATE
SHP00254,GlobalFreight,Singapore,London,Industrial,High,0.9829,16,"I'm sorry your shipment SHP00254 from Singapore to London is now expected between Dec 12, 2024 to Dec 13, 2024. The most likely cause is routing delays with GlobalFreight. Please adjust your receiving schedule or contact your LogiTrack account manager if you need a different delivery plan.",IMMEDIATE
SHP00255,FastShip,Rotterdam,New York,Pharma,High,0.9953,12,"I'm sorry your shipment SHP00255 from Rotterdam to New York is now expected between Aug 16, 2024 to Aug 17, 2024. The most likely cause is delayed customs clearance (currently Pending). Please adjust your receiving schedule or contact your LogiTrack account manager if you need a different delivery plan.",IMMEDIATE
SHP00256,AirExpress,SÃ£o Paulo,Tokyo,Perishable,High,0.9853,16,"I'm sorry your shipment SHP00256 from SÃ£o Paulo to Tokyo is now expected between Mar 04, 2024 to Mar 05, 2024. The most likely cause is routing delays with AirExpress. Please adjust your receiving schedule or contact your LogiTrack account manager if you need a different delivery plan.",IMMEDIATE
SHP00257,GroundPlus,Chicago,London,Pharma,High,0.9873,14,"I'm sorry your shipment SHP00257 from Chicago to London is now expected between Feb 23, 2024 to Feb 24, 2024. The most likely cause is delayed customs clearance (currently Pending). Please adjust your receiving schedule or contact your LogiTrack account manager if you need a different delivery plan.",IMMEDIATE
SHP00258,AirExpress,Chicago,Sydney,Industrial,High,0.9228,8,"I'm sorry your shipment SHP00258 from Chicago to Sydney is now expected between Mar 02, 2024 to Mar 03, 2024. The most likely cause is routing delays with AirExpress. Please adjust your receiving schedule or contact your LogiTrack account manager if you need a different delivery plan.",IMMEDIATE
SHP00261,QuickMove,Mumbai,Sydney,Perishable,High,0.9931,13,"I'm sorry your shipment SHP00261 from Mumbai to Sydney is now expected between Jan 07, 2025 to Jan 08, 2025. The most likely cause is routing delays with QuickMove. Please adjust your receiving schedule or contact your LogiTrack account manager if you need a different delivery plan.",IMMEDIATE
SHP00262,FastShip,Rotterdam,Toronto,Consumer Goods,High,0.9671,7,"I'm sorry your shipment SHP00262 from Rotterdam to Toronto is now expected between Jan 27, 2024 to Jan 28, 2024. The most likely cause is routing delays with FastShip. Please adjust your receiving schedule or contact your LogiTrack account manager if you need a different delivery plan.",IMMEDIATE
SHP00263,QuickMove,Shanghai,London,Industrial,High,0.9945,14,"I'm sorry your shipment SHP00263 from Shanghai to London is now expected between Sep 27, 2024 to Sep 28, 2024. The most likely cause is delayed customs clearance (currently Pending). Please adjust your receiving schedule or contact your LogiTrack account manager if you need a different delivery plan.",IMMEDIATE
SHP00265,FastShip,Dubai,Cape Town,Industrial,High,0.8883,11,"I'm sorry your shipment SHP00265 from Dubai to Cape Town is now expected between Jun 18, 2024 to Jun 19, 2024. The most likely cause is routing delays with FastShip. Please adjust your receiving schedule or contact your LogiTrack account manager if you need a different delivery plan.",IMMEDIATE
SHP00266,GroundPlus,Singapore,Cape Town,Electronics,High,0.9591,17,"I'm sorry your shipment SHP00266 from Singapore to Cape Town is now expected between Nov 08, 2024 to Nov 09, 2024. The most likely cause is delayed customs clearance (currently Held). Please adjust your receiving schedule or contact your LogiTrack account manager if you need a different delivery plan.",IMMEDIATE
SHP00267,QuickMove,Rotterdam,New York,Electronics,High,0.8264,15,"I'm sorry your shipment SHP00267 from Rotterdam to New York is now expected between Mar 27, 2024 to Mar 28, 2024. The most likely cause is delayed customs clearance (currently Held). Please adjust your receiving schedule or contact your LogiTrack account manager if you need a different delivery plan.",IMMEDIATE
SHP00268,FastShip,SÃ£o Paulo,Toronto,Electronics,High,0.9015,19,"I'm sorry your shipment SHP00268 from SÃ£o Paulo to Toronto is now expected between Dec 04, 2024 to Dec 05, 2024. The most likely cause is delayed customs clearance (currently Pending). Please adjust your receiving schedule or contact your LogiTrack account manager if you need a different delivery plan.",IMMEDIATE
SHP00270,QuickMove,Chicago,London,Consumer Goods,High,0.9659,14,"I'm sorry your shipment SHP00270 from Chicago to London is now expected between Sep 10, 2024 to Sep 11, 2024. The most likely cause is routing delays with QuickMove. Please adjust your receiving schedule or contact your LogiTrack account manager if you need a different delivery plan.",IMMEDIATE
SHP00271,GroundPlus,Singapore,Toronto,Electronics,High,0.9824,19,"I'm sorry your shipment SHP00271 from Singapore to Toronto is now expected between Jun 30, 2024 to Jul 01, 2024. The most likely cause is delayed customs clearance (currently Pending). Please adjust your receiving schedule or contact your LogiTrack account manager if you need a different delivery plan.",IMMEDIATE
SHP00272,QuickMove,SÃ£o Paulo,Toronto,Pharma,High,0.9964,10,"I'm sorry your shipment SHP00272 from SÃ£o Paulo to Toronto is now expected between Sep 07, 2024 to Sep 08, 2024. The most likely cause is routing delays with QuickMove. Please adjust your receiving schedule or contact your LogiTrack account manager if you need a different delivery plan.",IMMEDIATE
SHP00273,GlobalFreight,Dubai,London,Perishable,High,0.9807,8,"I'm sorry your shipment SHP00273 from Dubai to London is now expected between Apr 26, 2024 to Apr 27, 2024. The most likely cause is routing delays with GlobalFreight. Please adjust your receiving schedule or contact your LogiTrack account manager if you need a different delivery plan.",IMMEDIATE
SHP00274,FastShip,Singapore,Tokyo,Industrial,Medium,0.4191,7,"I'm sorry your shipment SHP00274 from Singapore to Tokyo is now expected between Jun 08, 2024 to Jun 09, 2024. The most likely cause is routing delays with FastShip. Please adjust your receiving schedule or contact your LogiTrack account manager if you need a different delivery plan.",SCHEDULED
SHP00276,GlobalFreight,Shanghai,Sydney,Industrial,High,0.929,20,"I'm sorry your shipment SHP00276 from Shanghai to Sydney is now expected between Nov 21, 2024 to Nov 22, 2024. The most likely cause is routing delays with GlobalFreight. Please adjust your receiving schedule or contact your LogiTrack account manager if you need a different delivery plan.",IMMEDIATE
SHP00277,GlobalFreight,Mumbai,Tokyo,Consumer Goods,High,0.9904,17,"I'm sorry your shipment SHP00277 from Mumbai to Tokyo is now expected between Sep 29, 2024 to Sep 30, 2024. The most likely cause is delayed customs clearance (currently Pending). Please adjust your receiving schedule or contact your LogiTrack account manager if you need a different delivery plan.",IMMEDIATE
SHP00279,GlobalFreight,Chicago,Tokyo,Consumer Goods,High,0.9859,13,"I'm sorry your shipment SHP00279 from Chicago to Tokyo is now expected between Nov 04, 2024 to Nov 05, 2024. The most likely cause is delayed customs clearance (currently Pending). Please adjust your receiving schedule or contact your LogiTrack account manager if you need a different delivery plan.",IMMEDIATE
SHP00280,FastShip,Rotterdam,Cape Town,Perishable,Medium,0.5165,21,"I'm sorry your shipment SHP00280 from Rotterdam to Cape Town is now expected between Jul 20, 2024 to Jul 21, 2024. The most likely cause is routing delays with FastShip. Please adjust your receiving schedule or contact your LogiTrack account manager if you need a different delivery plan.",SCHEDULED
SHP00281,QuickMove,Singapore,Frankfurt,Industrial,Medium,0.5195,8,"I'm sorry your shipment SHP00281 from Singapore to Frankfurt is now expected between Oct 18, 2024 to Oct 19, 2024. The most likely cause is routing delays with QuickMove. Please adjust your receiving schedule or contact your LogiTrack account manager if you need a different delivery plan.",SCHEDULED
SHP00283,GroundPlus,Chicago,New York,Industrial,High,0.9632,21,"I'm sorry your shipment SHP00283 from Chicago to New York is now expected between May 09, 2024 to May 10, 2024. The most likely cause is routing delays with GroundPlus. Please adjust your receiving schedule or contact your LogiTrack account manager if you need a different delivery plan.",IMMEDIATE
SHP00285,AirExpress,Mumbai,Sydney,Pharma,High,0.9375,15,"I'm sorry your shipment SHP00285 from Mumbai to Sydney is now expected between Aug 15, 2024 to Aug 16, 2024. The most likely cause is routing delays with AirExpress. Please adjust your receiving schedule or contact your LogiTrack account manager if you need a different delivery plan.",IMMEDIATE
SHP00286,FastShip,Mumbai,New York,Pharma,High,0.9975,17,"I'm sorry your shipment SHP00286 from Mumbai to New York is now expected between May 20, 2024 to May 21, 2024. The most likely cause is delayed customs clearance (currently Pending). Please adjust your receiving schedule or contact your LogiTrack account manager if you need a different delivery plan.",IMMEDIATE
SHP00287,GroundPlus,Chicago,London,Consumer Goods,High,0.9507,25,"I'm sorry your shipment SHP00287 from Chicago to London is now expected between Apr 23, 2024 to Apr 24, 2024. The most likely cause is delayed customs clearance (currently Pending). Please adjust your receiving schedule or contact your LogiTrack account manager if you need a different delivery plan.",IMMEDIATE
SHP00288,AirExpress,Rotterdam,Frankfurt,Pharma,High,0.8569,11,"I'm sorry your shipment SHP00288 from Rotterdam to Frankfurt is now expected between Nov 28, 2024 to Nov 29, 2024. The most likely cause is routing delays with AirExpress. Please adjust your receiving schedule or contact your LogiTrack account manager if you need a different delivery plan.",IMMEDIATE
SHP00290,GlobalFreight,Mumbai,Frankfurt,Consumer Goods,High,0.974,25,"I'm sorry your shipment SHP00290 from Mumbai to Frankfurt is now expected between Dec 15, 2024 to Dec 16, 2024. The most likely cause is routing delays with GlobalFreight. Please adjust your receiving schedule or contact your LogiTrack account manager if you need a different delivery plan.",IMMEDIATE
SHP00291,QuickMove,Shanghai,London,Pharma,High,0.9572,19,"I'm sorry your shipment SHP00291 from Shanghai to London is now expected between Apr 02, 2024 to Apr 03, 2024. The most likely cause is routing delays with QuickMove. Please adjust your receiving schedule or contact your LogiTrack account manager if you need a different delivery plan.",IMMEDIATE
SHP00292,FastShip,Dubai,Frankfurt,Electronics,High,0.7957,10,"I'm sorry your shipment SHP00292 from Dubai to Frankfurt is now expected between Feb 27, 2024 to Feb 28, 2024. The most likely cause is delayed customs clearance (currently Held). Please adjust your receiving schedule or contact your LogiTrack account manager if you need a different delivery plan.",IMMEDIATE
SHP00294,FastShip,Shanghai,Tokyo,Industrial,High,0.964,21,"I'm sorry your shipment SHP00294 from Shanghai to Tokyo is now expected between Apr 22, 2024 to Apr 23, 2024. The most likely cause is delayed customs clearance (currently Pending). Please adjust your receiving schedule or contact your LogiTrack account manager if you need a different delivery plan.",IMMEDIATE
SHP00295,GroundPlus,Dubai,Frankfurt,Electronics,High,0.9646,18,"I'm sorry your shipment SHP00295 from Dubai to Frankfurt is now expected between May 28, 2024 to May 29, 2024. The most likely cause is routing delays with GroundPlus. Please adjust your receiving schedule or contact your LogiTrack account manager if you need a different delivery plan.",IMMEDIATE
SHP00297,FastShip,Rotterdam,London,Pharma,High,0.9943,15,"I'm sorry your shipment SHP00297 from Rotterdam to London is now expected between Jul 12, 2024 to Jul 13, 2024. The most likely cause is routing delays with FastShip. Please adjust your receiving schedule or contact your LogiTrack account manager if you need a different delivery plan.",IMMEDIATE
SHP00298,GroundPlus,Dubai,Sydney,Industrial,High,0.9781,20,"I'm sorry your shipment SHP00298 from Dubai to Sydney is now expected between May 01, 2024 to May 02, 2024. The most likely cause is routing delays with GroundPlus. Please adjust your receiving schedule or contact your LogiTrack account manager if you need a different delivery plan.",IMMEDIATE
SHP00299,QuickMove,Chicago,New York,Consumer Goods,High,0.9918,12,"I'm sorry your shipment SHP00299 from Chicago to New York is now expected between Aug 16, 2024 to Aug 17, 2024. The most likely cause is routing delays with QuickMove. Please adjust your receiving schedule or contact your LogiTrack account manager if you need a different delivery plan.",IMMEDIATE
SHP00300,GroundPlus,Dubai,Sydney,Perishable,High,0.9873,20,"I'm sorry your shipment SHP00300 from Dubai to Sydney is now expected between Feb 22, 2024 to Feb 23, 2024. The most likely cause is delayed customs clearance (currently Held). Please adjust your receiving schedule or contact your LogiTrack account manager if you need a different delivery plan.",IMMEDIATE
SHP00301,AirExpress,Shanghai,New York,Consumer Goods,High,0.9646,16,"I'm sorry your shipment SHP00301 from Shanghai to New York is now expected between Apr 18, 2024 to Apr 19, 2024. The most likely cause is delayed customs clearance (currently Held). Please adjust your receiving schedule or contact your LogiTrack account manager if you need a different delivery plan.",IMMEDIATE
SHP00302,QuickMove,Chicago,Cape Town,Pharma,High,0.9459,13,"I'm sorry your shipment SHP00302 from Chicago to Cape Town is now expected between Mar 16, 2024 to Mar 17, 2024. The most likely cause is delayed customs clearance (currently Held). Please adjust your receiving schedule or contact your LogiTrack account manager if you need a different delivery plan.",IMMEDIATE
SHP00303,FastShip,Rotterdam,Tokyo,Electronics,High,0.9218,21,"I'm sorry your shipment SHP00303 from Rotterdam to Tokyo is now expected between Jun 15, 2024 to Jun 16, 2024. The most likely cause is delayed customs clearance (currently Pending). Please adjust your receiving schedule or contact your LogiTrack account manager if you need a different delivery plan.",IMMEDIATE
SHP00304,GroundPlus,Shanghai,Frankfurt,Pharma,High,0.9911,9,"I'm sorry your shipment SHP00304 from Shanghai to Frankfurt is now expected between Apr 20, 2024 to Apr 21, 2024. The most likely cause is routing delays with GroundPlus. Please adjust your receiving schedule or contact your LogiTrack account manager if you need a different delivery plan.",IMMEDIATE
SHP00307,FastShip,SÃ£o Paulo,Frankfurt,Electronics,High,0.9509,9,"I'm sorry your shipment SHP00307 from SÃ£o Paulo to Frankfurt is now expected between May 29, 2024 to May 30, 2024. The most likely cause is routing delays with FastShip. Please adjust your receiving schedule or contact your LogiTrack account manager if you need a different delivery plan.",IMMEDIATE
SHP00308,QuickMove,Singapore,Sydney,Industrial,High,0.9654,22,"I'm sorry your shipment SHP00308 from Singapore to Sydney is now expected between Sep 11, 2024 to Sep 12, 2024. The most likely cause is routing delays with QuickMove. Please adjust your receiving schedule or contact your LogiTrack account manager if you need a different delivery plan.",IMMEDIATE
SHP00310,AirExpress,Shanghai,London,Electronics,High,0.8747,24,"I'm sorry your shipment SHP00310 from Shanghai to London is now expected between Feb 16, 2024 to Feb 17, 2024. The most likely cause is routing delays with AirExpress. Please adjust your receiving schedule or contact your LogiTrack account manager if you need a different delivery plan.",IMMEDIATE
SHP00311,FastShip,Mumbai,Sydney,Electronics,High,0.8795,15,"I'm sorry your shipment SHP00311 from Mumbai to Sydney is now expected between Mar 20, 2024 to Mar 21, 2024. The most likely cause is delayed customs clearance (currently Pending). Please adjust your receiving schedule or contact your LogiTrack account manager if you need a different delivery plan.",IMMEDIATE
SHP00315,AirExpress,Mumbai,Sydney,Pharma,High,0.9897,23,"I'm sorry your shipment SHP00315 from Mumbai to Sydney is now expected between Oct 08, 2024 to Oct 09, 2024. The most likely cause is delayed customs clearance (currently Held). Please adjust your receiving schedule or contact your LogiTrack account manager if you need a different delivery plan.",IMMEDIATE
SHP00316,FastShip,Shanghai,London,Perishable,High,0.9672,23,"I'm sorry your shipment SHP00316 from Shanghai to London is now expected between Aug 27, 2024 to Aug 28, 2024. The most likely cause is routing delays with FastShip. Please adjust your receiving schedule or contact your LogiTrack account manager if you need a different delivery plan.",IMMEDIATE
SHP00318,GlobalFreight,Rotterdam,New York,Industrial,High,0.9547,18,"I'm sorry your shipment SHP00318 from Rotterdam to New York is now expected between Aug 26, 2024 to Aug 27, 2024. The most likely cause is routing delays with GlobalFreight. Please adjust your receiving schedule or contact your LogiTrack account manager if you need a different delivery plan.",IMMEDIATE
SHP00319,GlobalFreight,Shanghai,Toronto,Consumer Goods,High,0.9645,8,"I'm sorry your shipment SHP00319 from Shanghai to Toronto is now expected between Dec 06, 2024 to Dec 07, 2024. The most likely cause is delayed customs clearance (currently Held). Please adjust your receiving schedule or contact your LogiTrack account manager if you need a different delivery plan.",IMMEDIATE
SHP00320,AirExpress,Dubai,Toronto,Pharma,High,0.9794,12,"I'm sorry your shipment SHP00320 from Dubai to Toronto is now expected between Dec 26, 2024 to Dec 27, 2024. The most likely cause is routing delays with AirExpress. Please adjust your receiving schedule or contact your LogiTrack account manager if you need a different delivery plan.",IMMEDIATE
SHP00321,FastShip,Dubai,London,Electronics,High,0.983,8,"I'm sorry your shipment SHP00321 from Dubai to London is now expected between May 29, 2024 to May 30, 2024. The most likely cause is delayed customs clearance (currently Pending). Please adjust your receiving schedule or contact your LogiTrack account manager if you need a different delivery plan.",IMMEDIATE
SHP00322,GlobalFreight,SÃ£o Paulo,Tokyo,Industrial,High,0.9589,14,"I'm sorry your shipment SHP00322 from SÃ£o Paulo to Tokyo is now expected between Apr 28, 2024 to Apr 29, 2024. The most likely cause is routing delays with GlobalFreight. Please adjust your receiving schedule or contact your LogiTrack account manager if you need a different delivery plan.",IMMEDIATE
SHP00323,QuickMove,Dubai,Sydney,Consumer Goods,High,0.9807,10,"I'm sorry your shipment SHP00323 from Dubai to Sydney is now expected between Dec 28, 2024 to Dec 29, 2024. The most likely cause is routing delays with QuickMove. Please adjust your receiving schedule or contact your LogiTrack account manager if you need a different delivery plan.",IMMEDIATE
SHP00325,GlobalFreight,Rotterdam,New York,Pharma,High,0.9899,18,"I'm sorry your shipment SHP00325 from Rotterdam to New York is now expected between Sep 16, 2024 to Sep 17, 2024. The most likely cause is routing delays with GlobalFreight. Please adjust your receiving schedule or contact your LogiTrack account manager if you need a different delivery plan.",IMMEDIATE
SHP00326,FastShip,Mumbai,Cape Town,Electronics,High,0.9784,14,"I'm sorry your shipment SHP00326 from Mumbai to Cape Town is now expected between Mar 06, 2024 to Mar 07, 2024. The most likely cause is delayed customs clearance (currently Pending). Please adjust your receiving schedule or contact your LogiTrack account manager if you need a different delivery plan.",IMMEDIATE
SHP00327,QuickMove,Singapore,Tokyo,Perishable,High,0.96,24,"I'm sorry your shipment SHP00327 from Singapore to Tokyo is now expected between Jan 31, 2024 to Feb 01, 2024. The most likely cause is routing delays with QuickMove. Please adjust your receiving schedule or contact your LogiTrack account manager if you need a different delivery plan.",IMMEDIATE
SHP00328,QuickMove,Rotterdam,Tokyo,Perishable,High,0.9818,10,"I'm sorry your shipment SHP00328 from Rotterdam to Tokyo is now expected between May 02, 2024 to May 03, 2024. The most likely cause is routing delays with QuickMove. Please adjust your receiving schedule or contact your LogiTrack account manager if you need a different delivery plan.",IMMEDIATE
SHP00329,GlobalFreight,Rotterdam,Toronto,Electronics,High,0.9358,18,"I'm sorry your shipment SHP00329 from Rotterdam to Toronto is now expected between Jul 30, 2024 to Jul 31, 2024. The most likely cause is routing delays with GlobalFreight. Please adjust your receiving schedule or contact your LogiTrack account manager if you need a different delivery plan.",IMMEDIATE
SHP00330,FastShip,Rotterdam,Tokyo,Consumer Goods,High,0.9398,23,"I'm sorry your shipment SHP00330 from Rotterdam to Tokyo is now expected between Aug 11, 2024 to Aug 12, 2024. The most likely cause is delayed customs clearance (currently Held). Please adjust your receiving schedule or contact your LogiTrack account manager if you need a different delivery plan.",IMMEDIATE
SHP00334,FastShip,Chicago,Sydney,Electronics,High,0.9902,8,"I'm sorry your shipment SHP00334 from Chicago to Sydney is now expected between Sep 22, 2024 to Sep 23, 2024. The most likely cause is delayed customs clearance (currently Pending). Please adjust your receiving schedule or contact your LogiTrack account manager if you need a different delivery plan.",IMMEDIATE
SHP00335,GroundPlus,Shanghai,New York,Perishable,High,0.9762,20,"I'm sorry your shipment SHP00335 from Shanghai to New York is now expected between Jul 20, 2024 to Jul 21, 2024. The most likely cause is delayed customs clearance (currently Held). Please adjust your receiving schedule or contact your LogiTrack account manager if you need a different delivery plan.",IMMEDIATE
SHP00336,GlobalFreight,Singapore,Tokyo,Industrial,High,0.9615,15,"I'm sorry your shipment SHP00336 from Singapore to Tokyo is now expected between Dec 28, 2024 to Dec 29, 2024. The most likely cause is delayed customs clearance (currently Held). Please adjust your receiving schedule or contact your LogiTrack account manager if you need a different delivery plan.",IMMEDIATE
SHP00339,GroundPlus,Dubai,Tokyo,Perishable,High,0.956,21,"I'm sorry your shipment SHP00339 from Dubai to Tokyo is now expected between Nov 03, 2024 to Nov 04, 2024. The most likely cause is routing delays with GroundPlus. Please adjust your receiving schedule or contact your LogiTrack account manager if you need a different delivery plan.",IMMEDIATE
SHP00340,FastShip,Singapore,Toronto,Electronics,High,0.9298,14,"I'm sorry your shipment SHP00340 from Singapore to Toronto is now expected between Oct 30, 2024 to Oct 31, 2024. The most likely cause is delayed customs clearance (currently Held). Please adjust your receiving schedule or contact your LogiTrack account manager if you need a different delivery plan.",IMMEDIATE
SHP00341,QuickMove,Mumbai,Cape Town,Industrial,High,0.961,21,"I'm sorry your shipment SHP00341 from Mumbai to Cape Town is now expected between Jun 08, 2024 to Jun 09, 2024. The most likely cause is routing delays with QuickMove. Please adjust your receiving schedule or contact your LogiTrack account manager if you need a different delivery plan.",IMMEDIATE
SHP00343,GlobalFreight,SÃ£o Paulo,London,Consumer Goods,High,0.9848,11,"I'm sorry your shipment SHP00343 from SÃ£o Paulo to London is now expected between Jan 15, 2024 to Jan 16, 2024. The most likely cause is delayed customs clearance (currently Pending). Please adjust your receiving schedule or contact your LogiTrack account manager if you need a different delivery plan.",IMMEDIATE
SHP00345,FastShip,Singapore,Frankfurt,Industrial,High,0.9814,16,"I'm sorry your shipment SHP00345 from Singapore to Frankfurt is now expected between Oct 22, 2024 to Oct 23, 2024. The most likely cause is routing delays with FastShip. Please adjust your receiving schedule or contact your LogiTrack account manager if you need a different delivery plan.",IMMEDIATE
SHP00347,GlobalFreight,Shanghai,Frankfurt,Consumer Goods,High,0.9368,16,"I'm sorry your shipment SHP00347 from Shanghai to Frankfurt is now expected between Dec 23, 2024 to Dec 24, 2024. The most likely cause is routing delays with GlobalFreight. Please adjust your receiving schedule or contact your LogiTrack account manager if you need a different delivery plan.",IMMEDIATE
SHP00348,QuickMove,Chicago,Toronto,Electronics,High,0.8763,11,"I'm sorry your shipment SHP00348 from Chicago to Toronto is now expected between Jul 29, 2024 to Jul 30, 2024. The most likely cause is delayed customs clearance (currently Held). Please adjust your receiving schedule or contact your LogiTrack account manager if you need a different delivery plan.",IMMEDIATE
SHP00349,FastShip,SÃ£o Paulo,Sydney,Electronics,High,0.9834,8,"I'm sorry your shipment SHP00349 from SÃ£o Paulo to Sydney is now expected between Aug 30, 2024 to Aug 31, 2024. The most likely cause is delayed customs clearance (currently Pending). Please adjust your receiving schedule or contact your LogiTrack account manager if you need a different delivery plan.",IMMEDIATE
SHP00350,QuickMove,Mumbai,London,Perishable,High,0.9763,13,"I'm sorry your shipment SHP00350 from Mumbai to London is now expected between Dec 14, 2024 to Dec 15, 2024. The most likely cause is routing delays with QuickMove. Please adjust your receiving schedule or contact your LogiTrack account manager if you need a different delivery plan.",IMMEDIATE
